{"cameraMode":{"drawMode":0,"name":"Shaded","section":"Shading Mode"},"sceneLighting":true,"audioPlay":false,"sceneViewState":{"m_AlwaysRefresh":false,"showFog":true,"showSkybox":true,"showFlares":true,"showImageEffects":true,"showParticleSystems":true,"showVisualEffectGraphs":true,"m_FxEnabled":true},"in2DMode":false,"pivot":{"x":657.9318237304688,"y":326.2319030761719,"z":58.852630615234378},"rotation":{"x":0.12693668901920319,"y":-0.021825721487402917,"z":0.0027930294163525106,"w":0.9916770458221436},"size":266.6408996582031,"orthographic":false}