{"cameraMode":{"drawMode":0,"name":"Shaded","section":"Shading Mode"},"sceneLighting":true,"audioPlay":false,"sceneViewState":{"m_AlwaysRefresh":false,"showFog":true,"showSkybox":false,"showFlares":true,"showImageEffects":true,"showParticleSystems":true,"showVisualEffectGraphs":true,"m_FxEnabled":true},"in2DMode":false,"pivot":{"x":1.0941686630249024,"y":4.65049934387207,"z":-0.47177982330322268},"rotation":{"x":-0.0007375277346000075,"y":0.998038113117218,"z":-0.061456870287656787,"w":-0.011977007612586022},"size":11.555313110351563,"orthographic":false}