{"cameraMode":{"drawMode":0,"name":"Shaded","section":"Shading Mode"},"sceneLighting":true,"audioPlay":false,"sceneViewState":{"m_AlwaysRefresh":false,"showFog":true,"showSkybox":true,"showFlares":true,"showImageEffects":true,"showParticleSystems":true,"showVisualEffectGraphs":true,"m_FxEnabled":true},"in2DMode":false,"pivot":{"x":592.3546752929688,"y":361.186279296875,"z":40.09442138671875},"rotation":{"x":0.35788294672966006,"y":-0.0014006484998390079,"z":0.0005368247511796653,"w":0.9337656497955322},"size":299.9945068359375,"orthographic":true}